{
    "condition": {
        "type": "origins:xp_levels",
        "comparison": ">=",
        "compare_to": 2
	},
    "type": "origins:active_self",
    "entity_action": {
        "type":"origins:and",
        "actions": [
            {
                "type":"origins:execute_command",
                "command": "fill ~1 ~2 ~1 ~-1 ~-1 ~-1 minecraft:flowering_azalea_leaves[persistent=true] replace air",
                "permission_level": 4
            },
            {
                "type":"origins:execute_command",
                "command": "fill ~1 ~1 ~1 ~-1 ~-1 ~-1 minecraft:azalea_leaves[persistent=true] replace #minecraft:flowers",
                "permission_level": 4
            },
            {
                "type":"origins:execute_command",
                "command": "fill ~1 ~0 ~1 ~-1 ~-1 ~-1 minecraft:azalea_leaves[persistent=true] replace #minecraft:replaceable_plants",
                "permission_level": 4
            },
            {
                "type":"origins:execute_command",
                "command": "execute at @p run playsound minecraft:entity.allay.item_taken player @s ~ ~ ~ 2 1",
                "permission_level": 4
            },
            {
                "type":"origins:execute_command",
                "command": "execute at @p run playsound minecraft:block.azalea_leaves.fall player @s ~ ~ ~ 10 1",
                "permission_level": 4
            },
            {
                "type": "origins:add_xp",
                "levels": -2
            },
            {
                "type": "origins:apply_effect",
                "effects": [
                    {
                    "effect": "minecraft:resistance",
                    "duration": 200,
                    "show_particles": false,
                    "amplifier": 4,
                    "show_icon": true
                    },
                    {
                        "effect": "minecraft:slowness",
                        "duration": 240,
                        "show_particles": false,
                        "amplifier": 24,
                        "show_icon": false
                    },
                    {
                        "effect": "minecraft:regeneration",
                        "duration": 240,
                        "show_particles": false,
                        "amplifier": 7,
                        "show_icon": false
                    },
                    {
                        "effect": "minecraft:blindness",
                        "duration": 240,
                        "show_particles": false,
                        "amplifier": 0,
                        "show_icon": false
                    },
                    {
                        "effect": "minecraft:nausea",
                        "duration": 340,
                        "show_particles": false,
                        "amplifier": 3,
                        "show_icon": false
                    },
                    {
                        "effect": "minecraft:mining_fatigue",
                        "duration": 240,
                        "show_particles": false,
                        "amplifier": 3,
                        "show_icon": false
                    }
                ]
            }
        ]
     },
"key": {
    "key": "key.origins.secondary_active"
},
    "cooldown": 600,
    "hud_render": {
      "sprite_location": "origins:textures/gui/community/spiderkolo/resource_bar_02.png",
      "bar_index": 0
  },
    "name": "Grounded Roots",
    "description": "You sink your tree roots into the ground and create a bush-like shield, but it takes away 5 xp levels."
    }