{
    "type": "origins:phasing",
    "render_type": "none",
    "block_condition": {
        "type": "origins:in_tag",
        "tag": "minecraft:leaves"
    },
    "phase_down_condition": {
        "type": "origins:and",
        "conditions": [
            {
                "type": "origins:sneaking"
            },
            {
                "type": "origins:on_block"
            }
        ]
    },
 "name": "Phasing Leaves",
 "description": "You can phase through leaves, and it makes you faster."
}