{
    "type": "origins:multiple",
    
    "toggle1": {
        "type": "origins:toggle",
        "active_by_default": false,
           "key": {
                "key": "key.origins.primary_active",
                "hidden": true
        }
    },

    "poison-hit": {
        "condition": {
            "type": "origins:power_active",
            "power": "lonetree:poisonivy_toggle1"
        },
        "type": "origins:target_action_on_hit",
            "entity_action": {
                "type": "origins:apply_effect",
                "effects": [
                { 
                    "effect": "minecraft:poison",
                    "amplifier": 4,
                    "duration": 160
                },
                { 
                    "effect": "minecraft:nausea",
                    "amplifier": 4,
                    "duration": 360
                }
            ]
            },
        "cooldown": 240,
        "hud_render": {
            "should_render": true,
            "sprite_location": "origins:textures/gui/resource_bar.png",
            "bar_index": 8
        },
        "hidden": true
    },

    "regret":{
        "condition": {
            "type": "origins:power_active",
            "power": "lonetree:poisonivy_toggle1"
        },
        "type": "origins:action_on_hit",
        "bientity_action": {
            "type": "origins:actor_action",
            "action": {
                "type": "origins:apply_effect",
                "effects": [
                { 
                    "effect": "minecraft:wither",
                    "amplifier": 1,
                    "duration": 80,
                    "show_particles": false
                },
                { 
                    "effect": "minecraft:weakness",
                    "amplifier": 0,
                    "duration": 160,
                    "show_particles": false
                },
                { 
                    "effect": "minecraft:instant_damage",
                    "amplifier": 0,
                    "duration": 1,
                    "show_particles": false
                }
            ]
            }
        },
        "cooldown": 240,
    "hidden": true
    },
    "condition": {
        "type": "origins:power_active",
        "power": "lonetree:poisonivy_toggle1"
    },
    "poison-touch": {
        "type": "origins:attacker_action_when_hit",
        "entity_action": {
            "type": "origins:apply_effect",
            "effects": [
            { 
                "effect": "minecraft:poison",
                "amplifier": 1,
                "duration": 160
            },
            { 
                "effect": "minecraft:nausea",
                "amplifier": 4,
                "duration": 240
            }
        ]
        },	
        "cooldown": 0,
        "hidden": true
},
"indicator": {
    "condition": {
        "type": "origins:power_active",
        "power": "lonetree:poisonivy_toggle1"
    },
        "type": "origins:overlay",
        "texture": "minecraft:textures/misc/vignette.png",
        "strength": 1.0,
        "red": 0.0,
        "green": 0.5,
        "blue": 0.25,
        "draw_mode": "nausea",
        "draw_phase": "below_hud",
        "hide_with_hud": false,
        "visible_in_third_person": false
},
    "name": "Poison Ivy",
    "description": "Whenever people touch you or when you enable poison and punch them, they get poisoned."
}