{
    "type": "origins:action_over_time",
    "entity_action": 
      {
          "type": "origins:apply_effect",
          "effect": {
              "effect": "minecraft:speed",
              "duration": 100,
              "show_particles": false,
              "amplifier": 1,
              "show_icon": false
          }
      },
    "interval": 10,
    "condition": {
      "type": "origins:in_block",
      "block_condition": {
        "type": "origins:in_tag",
        "tag": "minecraft:leaves"
      }
    },
    "hidden": true
  }